,Alberto Cowboy,Aline Campos,Ana Paula Renault,Babu Santana,Breno,Brigido,Chaiany,Edilson,Gabriela,Jonas Sulzbach,Jordana,Juliano Floss,Leandro,Marcelo,Marciele,Matheus,Maxiane,Milena,Paulo Augusto,Samira,Sarah Andrade,Sol Vega,Solange Couto
Alberto Cowboy,,тЭдя╕П,ЁЯРН,тЭдя╕П,тЭдя╕П,тЭдя╕П,тЭдя╕П,тЭдя╕П,тЭдя╕П,тЭдя╕П,тЭдя╕П,тЭдя╕П,ЁЯТФ,тЭдя╕П,тЭдя╕П,тЭдя╕П,тЭдя╕П,ЁЯТ╝,тЭдя╕П,ЁЯТФ,тЭдя╕П,тЭдя╕П,ЁЯНк
Aline Campos,тЭдя╕П,,ЁЯМ▒,тЭдя╕П,ЁЯТФ,тЭдя╕П,тЭдя╕П,тЭдя╕П,тЭдя╕П,тЭдя╕П,тЭдя╕П,ЁЯМ▒,тЭдя╕П,ЁЯМ▒,тЭдя╕П,тЭдя╕П,тЭдя╕П,ЁЯТ╝,тЭдя╕П,ЁЯМ▒,тЭдя╕П,тЭдя╕П,тЭдя╕П
Ana Paula Renault,тЭдя╕П,ЁЯРН,,тЭдя╕П,тЭдя╕П,ЁЯОп,тЭдя╕П,тЭдя╕П,тЭдя╕П,тЭдя╕П,тЭдя╕П,тЭдя╕П,тЭдя╕П,тЭдя╕П,тЭдя╕П,ЁЯРН,тЭдя╕П,тЭдя╕П,ЁЯТ╝,тЭдя╕П,тЭдя╕П,ЁЯРН,ЁЯРН
Babu Santana,тЭдя╕П,ЁЯде,тЭдя╕П,,тЭдя╕П,тЭдя╕П,тЭдя╕П,тЭдя╕П,тЭдя╕П,тЭдя╕П,тЭдя╕П,тЭдя╕П,тЭдя╕П,тЭдя╕П,тЭдя╕П,тЭдя╕П,тЭдя╕П,тЭдя╕П,тЭдя╕П,тЭдя╕П,ЁЯНк,ЁЯРН,тЭдя╕П
Breno,тЭдя╕П,ЁЯТФ,тЭдя╕П,тЭдя╕П,,ЁЯМ▒,тЭдя╕П,тЭдя╕П,тЭдя╕П,тЭдя╕П,тЭдя╕П,тЭдя╕П,тЭдя╕П,тЭдя╕П,тЭдя╕П,ЁЯТФ,тЭдя╕П,тЭдя╕П,ЁЯТ╝,тЭдя╕П,тЭдя╕П,тЭдя╕П,тЭдя╕П
Brigido,тЭдя╕П,тЭдя╕П,ЁЯОп,ЁЯНк,тЭдя╕П,,тЭдя╕П,тЭдя╕П,тЭдя╕П,тЭдя╕П,тЭдя╕П,тЭдя╕П,тЭдя╕П,ЁЯНк,тЭдя╕П,тЭдя╕П,тЭдя╕П,ЁЯТ╝,тЭдя╕П,ЁЯРН,ЁЯМ▒,тЭдя╕П,тЭдя╕П
Chaiany,ЁЯТФ,ЁЯТ╝,тЭдя╕П,тЭдя╕П,тЭдя╕П,ЁЯТ╝,,тЭдя╕П,тЭдя╕П,ЁЯОп,тЭдя╕П,тЭдя╕П,тЭдя╕П,тЭдя╕П,тЭдя╕П,тЭдя╕П,тЭдя╕П,тЭдя╕П,тЭдя╕П,ЁЯде,ЁЯРН,ЁЯНк,ЁЯМ▒
Edilson,тЭдя╕П,тЭдя╕П,тЭдя╕П,тЭдя╕П,тЭдя╕П,тЭдя╕П,тЭдя╕П,,тЭдя╕П,тЭдя╕П,тЭдя╕П,тЭдя╕П,тЭдя╕П,тЭдя╕П,тЭдя╕П,тЭдя╕П,тЭдя╕П,тЭдя╕П,тЭдя╕П,тЭдя╕П,тЭдя╕П,ЁЯде,тЭдя╕П
Gabriela,тЭдя╕П,тЭдя╕П,тЭдя╕П,ЁЯРН,тЭдя╕П,тЭдя╕П,тЭдя╕П,тЭдя╕П,,тЭдя╕П,тЭдя╕П,тЭдя╕П,ЁЯТФ,тЭдя╕П,тЭдя╕П,тЭдя╕П,тЭдя╕П,тЭдя╕П,тЭдя╕П,тЭдя╕П,тЭдя╕П,тЭдя╕П,тЭдя╕П
Jonas Sulzbach,тЭдя╕П,тЭдя╕П,ЁЯОп,тЭдя╕П,тЭдя╕П,тЭдя╕П,ЁЯде,тЭдя╕П,тЭдя╕П,,тЭдя╕П,ЁЯМ▒,ЁЯТФ,ЁЯМ▒,тЭдя╕П,тЭдя╕П,тЭдя╕П,ЁЯТ╝,ЁЯТ╝,тЭдя╕П,тЭдя╕П,тЭдя╕П,ЁЯТФ
Jordana,тЭдя╕П,тЭдя╕П,тЭдя╕П,тЭдя╕П,тЭдя╕П,тЭдя╕П,тЭдя╕П,тЭдя╕П,тЭдя╕П,тЭдя╕П,,тЭдя╕П,ЁЯде,тЭдя╕П,тЭдя╕П,тЭдя╕П,тЭдя╕П,тЭдя╕П,тЭдя╕П,тЭдя╕П,тЭдя╕П,тЭдя╕П,тЭдя╕П
Juliano Floss,тЭдя╕П,тЭдя╕П,тЭдя╕П,тЭдя╕П,тЭдя╕П,тЭдя╕П,тЭдя╕П,тЭдя╕П,тЭдя╕П,тЭдя╕П,тЭдя╕П,,тЭдя╕П,тЭдя╕П,ЁЯМ▒,тЭдя╕П,ЁЯМ▒,тЭдя╕П,тЭдя╕П,тЭдя╕П,тЭдя╕П,ЁЯде,тЭдя╕П
Leandro,ЁЯРН,ЁЯТ╝,тЭдя╕П,тЭдя╕П,ЁЯРН,ЁЯТ╝,ЁЯМ▒,тЭдя╕П,ЁЯМ▒,ЁЯТ╝,ЁЯде,ЁЯМ▒,,тЭдя╕П,ЁЯМ▒,тЭдя╕П,ЁЯТ╝,тЭдя╕П,тЭдя╕П,ЁЯМ▒,ЁЯНк,тЭдя╕П,ЁЯТ╝
Marcelo,тЭдя╕П,ЁЯРН,тЭдя╕П,тЭдя╕П,тЭдя╕П,ЁЯРН,тЭдя╕П,тЭдя╕П,тЭдя╕П,ЁЯНк,тЭдя╕П,тЭдя╕П,тЭдя╕П,,тЭдя╕П,ЁЯТФ,тЭдя╕П,тЭдя╕П,ЁЯТ╝,тЭдя╕П,ЁЯНк,тЭдя╕П,тЭдя╕П
Marciele,тЭдя╕П,тЭдя╕П,тЭдя╕П,тЭдя╕П,тЭдя╕П,тЭдя╕П,тЭдя╕П,тЭдя╕П,тЭдя╕П,тЭдя╕П,ЁЯТФ,ЁЯТФ,тЭдя╕П,тЭдя╕П,,тЭдя╕П,тЭдя╕П,тЭдя╕П,тЭдя╕П,ЁЯНк,тЭдя╕П,тЭдя╕П,тЭдя╕П
Matheus,тЭдя╕П,тЭдя╕П,ЁЯРН,тЭдя╕П,ЁЯРН,ЁЯТ╝,тЭдя╕П,тЭдя╕П,тЭдя╕П,ЁЯТ╝,тЭдя╕П,тЭдя╕П,тЭдя╕П,ЁЯНк,ЁЯТ╝,,ЁЯРН,ЁЯТ╝,тЭдя╕П,ЁЯНк,ЁЯНк,тЭдя╕П,ЁЯРН
Maxiane,тЭдя╕П,ЁЯТФ,тЭдя╕П,тЭдя╕П,тЭдя╕П,тЭдя╕П,тЭдя╕П,тЭдя╕П,тЭдя╕П,тЭдя╕П,тЭдя╕П,ЁЯТ╝,тЭдя╕П,тЭдя╕П,тЭдя╕П,тЭдя╕П,,тЭдя╕П,ЁЯТ╝,тЭдя╕П,тЭдя╕П,ЁЯТФ,тЭдя╕П
Milena,ЁЯОп,ЁЯРН,тЭдя╕П,тЭдя╕П,тЭдя╕П,ЁЯТ╝,тЭдя╕П,тЭдя╕П,тЭдя╕П,ЁЯМ▒,тЭдя╕П,тЭдя╕П,тЭдя╕П,тЭдя╕П,тЭдя╕П,тЭдя╕П,тЭдя╕П,,ЁЯТ╝,тЭдя╕П,тЭдя╕П,тЭдя╕П,тЭдя╕П
Paulo Augusto,тЭдя╕П,тЭдя╕П,ЁЯМ▒,тЭдя╕П,тЭдя╕П,тЭдя╕П,тЭдя╕П,тЭдя╕П,тЭдя╕П,тЭдя╕П,ЁЯТФ,тЭдя╕П,тЭдя╕П,ЁЯНк,тЭдя╕П,тЭдя╕П,ЁЯМ▒,ЁЯТ╝,,тЭдя╕П,тЭдя╕П,тЭдя╕П,ЁЯМ▒
Samira,тЭдя╕П,ЁЯТФ,тЭдя╕П,тЭдя╕П,тЭдя╕П,ЁЯМ▒,тЭдя╕П,тЭдя╕П,тЭдя╕П,тЭдя╕П,ЁЯТФ,тЭдя╕П,тЭдя╕П,тЭдя╕П,тЭдя╕П,ЁЯМ▒,тЭдя╕П,тЭдя╕П,тЭдя╕П,,тЭдя╕П,ЁЯТФ,тЭдя╕П
Sarah Andrade,тЭдя╕П,тЭдя╕П,ЁЯде,тЭдя╕П,тЭдя╕П,тЭдя╕П,ЁЯНк,тЭдя╕П,тЭдя╕П,тЭдя╕П,тЭдя╕П,тЭдя╕П,тЭдя╕П,ЁЯНк,тЭдя╕П,тЭдя╕П,тЭдя╕П,тЭдя╕П,ЁЯТ╝,тЭдя╕П,,тЭдя╕П,ЁЯОп
Sol Vega,тЭдя╕П,тЭдя╕П,ЁЯНк,ЁЯТФ,тЭдя╕П,ЁЯТ╝,тЭдя╕П,ЁЯТФ,тЭдя╕П,ЁЯНк,тЭдя╕П,ЁЯТ╝,тЭдя╕П,ЁЯНк,тЭдя╕П,тЭдя╕П,ЁЯТ╝,ЁЯТ╝,ЁЯТ╝,ЁЯде,тЭдя╕П,,ЁЯНк
Solange Couto,тЭдя╕П,ЁЯМ▒,ЁЯНк,тЭдя╕П,тЭдя╕П,тЭдя╕П,тЭдя╕П,тЭдя╕П,тЭдя╕П,ЁЯТ╝,тЭдя╕П,тЭдя╕П,тЭдя╕П,тЭдя╕П,тЭдя╕П,тЭдя╕П,тЭдя╕П,тЭдя╕П,тЭдя╕П,ЁЯТФ,тЭдя╕П,ЁЯТФ,
